aid,publication_date,title,url,publisher,country,status,byline,source_name
20170203125964333,2017-02-03T11:37:31.089Z,Dos Santos to hand over Angola reins before elections | News | DW.COM | 03.02.2017,http://www.dw.com:80/en/dos-santos-to-hand-over-angola-reins-before-elections/a-37396454?maca=en-rss-en-top-1022-rdf,,"Republic of Angola,Republic of Equatorial Guinea",relevant,,Web
20190406020504467,2017-02-03T06:00:00Z,Lourenco: Ex-general poised to be Angola's next leader,https://advance.lexis.com/api/document?collection=News&id=urn:contentItem:5MT0-TD21-JBV1-X08C-00000-00&context=1516831,Agence France Presse - English,"Portuguese Republic\, Portugal,Republic of Angola\, Angola,Union of Soviet Socialist Republics,United States",relevant,,BulkLexisNexis
20170203125967132,2017-02-03T13:23:39.166Z,"Ex-general, Joao Lourenco, poised to be Angola's next leader - Punch Newspapers",http://punchng.com:80/ex-general-joao-lourenco-poised-angolas-next-leader/,,"Portuguese Republic,Republic of Angola,Union of Soviet Socialist Republics,United States",relevant,,Web
20170203125967710,2017-02-03T13:45:47.265Z,BBC News,http://www.bbc.co.uk:80/news/world-africa-38856597,,"Republic of Angola,Union of Soviet Socialist Republics",relevant,,Web
20190406020504488,2017-02-03T06:00:00Z,Angola's long-time President Dos Santos to step down,https://advance.lexis.com/api/document?collection=News&id=urn:contentItem:5MT0-TD21-JBV1-X074-00000-00&context=1516831,Agence France Presse - English,"Portuguese Republic\, Portugal,Republic of Angola\, Angola,Republic of Equatorial Guinea\, Equatorial Guinea,Union of Soviet Socialist Republics,United States",relevant,,BulkLexisNexis
20190406020504463,2017-02-03T06:00:00Z,Dos Santos: Angola's secretive leader heads towards exit,https://advance.lexis.com/api/document?collection=News&id=urn:contentItem:5MT0-TD21-JBV1-X08H-00000-00&context=1516831,Agence France Presse - English,"People's Republic of China\, China,Portuguese Republic\, Portugal,Republic of Angola\, Angola,Republic of Azerbaijan\, Azerbaijan,Republic of Equatorial Guinea\, Equatorial Guinea",relevant,,BulkLexisNexis
20170203125972533,2017-02-03T16:23:46.629Z,Angola president will not seek re-election - The Nation Nigeria,http://thenationonlineng.net:80/angola-president-will-not-seek-re-election/,,Republic of Angola,relevant,,Web
20190406020504500,2017-02-03T06:00:00Z,Angola's long-time President Dos Santos confirms will step down,https://advance.lexis.com/api/document?collection=News&id=urn:contentItem:5MT0-TD21-JBV1-X06M-00000-00&context=1516831,Agence France Presse - English,"Republic of Angola\, Angola,Republic of Equatorial Guinea\, Equatorial Guinea",relevant,,BulkLexisNexis
20170203125963186,2017-02-03T10:53:23.365Z,Angola's long-time President Dos Santos confirms will step down - Daily Nation,http://www.nation.co.ke:80/news/africa/Dos-Santos-confirms-will-step-down-/1066-3798282-2g4ykd/index.html,,"Republic of Angola,Republic of Equatorial Guinea",relevant,,Web
20170203125963317,2017-02-03T10:59:44.225Z,AP News: The Orange County Register,http://hosted2.ap.org:80/CAANR/0260ea4c3e85456b80715585ba3c7b5b/Article_2017-02-03-AF-Angola-President/id-3dfe976696f344818426b826067bed92,,Republic of Angola,relevant,,Web
20170204125970899,2017-02-04T18:23:48.706Z,"Graft, repression mark Angola's dos Santos reign - Daily Nation",http://www.nation.co.ke:80/news/africa/Angola--Santos-long-rule/1066-3800036-pn7t9w/index.html,,"Kingdom of Belgium,People's Republic of China,Portuguese Republic,Republic of Angola,Republic of Azerbaijan,Republic of Equatorial Guinea,Republic of France,United States",relevant,,Web
20170203125980545,2017-02-03T20:38:19.445Z,Angola's dos Santos will not run in 2017 presidential election - Stabroek News,http://feedproxy.google.com:80/~r/stabroeknewsguyana/~3/ITUJcIbxXAk/,,Republic of Angola,relevant,,Web
20190406020504382,2017-02-03T06:00:00Z,Angola President Dos Santos to step down after 37 years,https://advance.lexis.com/api/document?collection=News&id=urn:contentItem:5MT0-TD21-JBV1-X0DN-00000-00&context=1516831,Agence France Presse - English,"Portuguese Republic\, Portugal,Republic of Angola\, Angola,Republic of Equatorial Guinea\, Equatorial Guinea,Union of Soviet Socialist Republics,United States",relevant,,BulkLexisNexis
20170203125963921,2017-02-03T11:11:19Z,Angola's president says he won't run in this year's election | Columbus Ledger-Enquirer,http://www.ledger-enquirer.com:80/news/business/article130507129.html,,"Portuguese Republic,Republic of Angola,Union of Soviet Socialist Republics",relevant,,Web
20170203125976217,2017-02-03T18:09:56.454Z,"Angola's dos Santos calls end to 38 years in power
| World
| Reuters",http://feeds.reuters.com:80/~r/reuters/AFRICAWorldNews/~3/XAZMMsDbgOk/idAFKBN15I2IW,,Republic of Angola,relevant,,Web
20170203125973483,2017-02-03T16:48:55.648Z,AllAroundPhilly,http://hosted.ap.org:80/dynamic/stories/A/AF_ANGOLA_PRESIDENT?SITE=JRC&SECTION=HOME&TEMPLATE=DEFAULT,,"Portuguese Republic,Republic of Angola,Union of Soviet Socialist Republics",relevant,,Web
20220113191126788,2017-02-03T06:00:00Z,Angola's president says he won't run in this year's election,,Associated Press International,"Portuguese Republic,Republic of Angola,Union of Soviet Socialist Republics",relevant,By CARA ANNA,BulkLexisNexis_v2
20190623011307335,2017-02-03T06:00:00Z,Angola's president says he won't run in this year's election,https://advance.lexis.com/api/document?collection=News&id=urn:contentItem:5MT0-TRF1-DYN6-W04C-00000-00&context=1516831,The Associated Press (same day),"Portuguese Republic,Republic of Angola,Union of Soviet Socialist Republics",relevant,By CARA ANNA,BulkLexisNexis_v2
20170206125956105,2017-02-06T07:00:00Z,Angola to Have New President After 37 Years - allAfrica.com,http://allafrica.com:80/stories/201702060141.html,,Republic of Angola,relevant,,Web
20170211125961793,2017-02-11T11:54:34.089Z,Angola probes football stampede that killed 17 | Business Standard News,http://www.business-standard.com:80/article/pti-stories/angola-probes-football-stampede-that-killed-17-117021100466_1.html,,Republic of Angola,relevant,,Web
20170203125976053,2017-02-03T18:04:24.654Z,Angola's dos Santos calls end to 38 years in power - Channel NewsAsia,http://www.channelnewsasia.com:80/news/asiapacific/angola-s-dos-santos-calls-end-to-38-years-in-power/3491712.html,,"Republic of Angola,Republic of Equatorial Guinea,Union of Soviet Socialist Republics",relevant,,Web
20170203125963916,2017-02-03T10:29:29Z,Angola's president says he won't run in this year's election - Washington Times,http://www.washingtontimes.com:80/news/2017/feb/3/angolas-president-says-he-wont-run-in-this-years-e/?utm_source=RSS_Feed&utm_medium=RSS,,Republic of Angola,relevant,,Web
20170203125962998,2017-02-03T10:45:41.708Z,Angola's president says he won't run in this year's election,http://www.timescolonist.com:80/angola-s-president-says-he-won-t-run-in-this-year-s-election-1.9713442,,Republic of Angola,relevant,,Web
20170203125973254,2017-02-03T16:43:21.700Z,AP News: The Orange County Register,http://hosted2.ap.org:80/CAANR/0260ea4c3e85456b80715585ba3c7b5b/Article_2017-02-03-AF--Angola-President/id-a5c155a5313740618fca06dcb4833611,,"Portuguese Republic,Republic of Angola,Union of Soviet Socialist Republics",relevant,,Web
20190406020802039,2017-01-29T06:00:00Z,Sun sets on Angolan dream for Portuguese expats,https://advance.lexis.com/api/document?collection=News&id=urn:contentItem:5MRR-0851-JBV1-X2MH-00000-00&context=1516831,Agence France Presse - English,"Federal Republic of Nigeria\, Nigeria,Portuguese Republic\, Portugal,Republic of Angola\, Angola",relevant,,BulkLexisNexis
20170225125965101,2017-02-25T00:00:00Z,Central African Republic: Ex-Leaders Blamed for Rebels' Coup in Car - allAfrica.com,http://allafrica.com:80/stories/201702240612.html,,"Central African Republic,Republic of Angola",relevant,,Web
20170129125968480,2017-01-29T16:55:41.667Z,Sun sets on Angolan dream for Portuguese expats - The Manila Times Online,http://www.manilatimes.net:80/sun-sets-angolan-dream-portuguese-expats/309589/,,"Federal Republic of Nigeria,Portuguese Republic,Republic of Angola,Republic of the Philippines",relevant,,Web
20170211125960065,2017-02-11T09:55:52.494Z,Angola probes football stampede that killed 17,http://www.nationmultimedia.com:80/news/breakingnews/30306178,,"Republic of Angola,Republic of Cote d'Ivoire,Republic of France,Republic of Ghana,Republic of Malawi,United Kingdom of Great Britain and Northern Ireland",relevant,,Web
20190406015713335,2017-01-13T06:00:00Z,"In Angola, 'word of God preached in a store'",https://advance.lexis.com/api/document?collection=News&id=urn:contentItem:5MM9-FB11-DY93-M381-00000-00&context=1516831,Agence France Presse - English,"Federal Republic of Nigeria\, Nigeria,Republic of Angola\, Angola,Republic of Cote d'Ivoire\, Ivory Coast,Republic of Guinea\, Guinea,Republic of Mali\, Mali,Republic of Senegal\, Senegal",relevant,,BulkLexisNexis
20170129125961805,2017-01-29T10:31:55.573Z,Sun sets on Angolan dream for Portuguese expats | GulfNews.com,http://gulfnews.com:80/sun-sets-on-angolan-dream-for-portuguese-expats-1.1969616?localLinksEnabled=false&utm_source=Feeds&utm_medium=RSS&utm_term=News+RSS+feed&utm_content=1.1969616&utm_campaign=Sun+sets+on+Angolan+dream+for+Portuguese+expats,,"Federal Republic of Nigeria,Portuguese Republic,Republic of Angola",relevant,,Web
20170129125961278,2017-01-29T09:57:31.860Z,Sun sets on Angolan dream for Portuguese expats - Daily Monitor,http://www.monitor.co.ug:80/News/World/Sun-sets-Angolan-dream-Portuguese-expats/688340-3791400-eu7k84/index.html,,"Federal Republic of Nigeria,Portuguese Republic,Republic of Angola",relevant,,Web
20170123125962421,2017-01-23T13:06:37.375Z,Africa's current longest-serving leaders - CNN.com,http://rss.cnn.com:80/~r/rss/edition_africa/~3/dZVwIXV8b7I/index.html,,"Eswatini,Portuguese Republic,Republic of Angola,Republic of Cameroon,Republic of Equatorial Guinea,Republic of Uganda,Republic of Zimbabwe",relevant,,Web
20170207125964870,2017-02-07T11:00:00Z,Angola's Dos Santos Confirms Plan to Step Down - allAfrica.com,http://allafrica.com:80/stories/201702070488.html,,"Republic of Angola,Republic of South Africa,Union of Soviet Socialist Republics",relevant,,Web
20190406022443962,2017-03-15T05:00:00Z,Angola jails alleged coup plotters for up to 10 years,https://advance.lexis.com/api/document?collection=News&id=urn:contentItem:5N3H-G4V1-JBV1-X1CW-00000-00&context=1516831,Agence France Presse - English,"Portuguese Republic\, Portugal,Republic of Angola\, Angola,Republic of Equatorial Guinea\, Equatorial Guinea",relevant,,BulkLexisNexis
20190406021334928,2017-02-11T06:00:00Z,Angola probes football stampede that killed 17,https://advance.lexis.com/api/document?collection=News&id=urn:contentItem:5MVP-JV71-DY93-M1MF-00000-00&context=1516831,Agence France Presse - English,"Republic of Angola\, Angola,Republic of Cote d'Ivoire\, Ivory Coast,Republic of Ghana\, Ghana,Republic of Malawi\, Malawi,United Kingdom of Great Britain and Northern Ireland\, United Kingdom",relevant,,BulkLexisNexis
20170211125961913,2017-02-11T11:58:50.092Z,Stampede at Angola stadium kills 17; described as country's 'worst football tragedy',http://www.firstpost.com:80/sports/stampede-at-angola-stadium-kills-17-described-as-countrys-worst-football-tragedy-3278276.html,,"Republic of Angola,Republic of Cote d'Ivoire,Republic of Ghana,Republic of Malawi,United Kingdom of Great Britain and Northern Ireland",relevant,,Web
20170316125965010,2017-03-16T13:57:23.334Z,Angola jails alleged coup plotters for up to 10 years | News24,http://www.news24.com:80/Africa/News/angola-jails-alleged-coup-plotters-for-up-to-10-years-20170316,,"Portuguese Republic,Republic of Angola,Republic of Equatorial Guinea,Socialist Republic of Vietnam",relevant,,Web
20170215122533353,2017-02-15T06:25:32.961Z,The long road to SA citizenship for former Angolan refugees | News24,http://www.news24.com:80/SouthAfrica/News/the-long-road-to-sa-citizenship-for-former-angolan-refugees-20170215,,"Republic of Angola,Republic of Namibia,Republic of South Africa",relevant,,Web
20170211125965436,2017-02-11T15:21:06.136Z,Angola probes football stampede that killed 17 | GulfNews.com,http://gulfnews.com:80/angola-probes-football-stampede-that-killed-17-1.1976730?localLinksEnabled=false&utm_source=Feeds&utm_medium=RSS&utm_term=News+RSS+feed&utm_content=1.1976730&utm_campaign=Angola+probes+football+stampede+that+killed+17,,"Republic of Angola,Republic of Cote d'Ivoire,Republic of Ghana,Republic of Malawi,United Kingdom of Great Britain and Northern Ireland",relevant,,Web
20170211125960602,2017-02-11T10:35:51.521Z,Angola probes 'worst football tragedy' that killed at least 17 | News24,http://www.news24.com:80/Africa/News/angola-probes-worst-football-tragedy-that-killed-at-least-17-20170211,,"Republic of Angola,Republic of Cote d'Ivoire,Republic of Ghana,Republic of Malawi,United Kingdom of Great Britain and Northern Ireland",relevant,,Web
20190706000951235,2016-12-31T06:00:00Z,Anger swells in Africa against rulers clinging to power,https://advance.lexis.com/api/document?collection=News&id=urn:contentItem:5MNM-H2J1-DXFJ-54XF-00000-00&context=1516831,dpa international (Englischer Dienst),"Burkina Faso,Democratic Republic of the Congo,Gambia,Republic of Angola\, Angola,Republic of Burundi\, Burundi,Republic of Rwanda\, Rwanda,Republic of Senegal\, Senegal,Republic of South Africa\, South Africa,Republic of Uganda\, Uganda,Republic of Zimbabwe\, Zimbabwe,Republic of the Congo",relevant,,BulkLexisNexis
20170318125975801,2017-03-15T00:00:00Z,Angola: Time to Say Goodbye - allAfrica.com,http://allafrica.com:80/stories/201703140534.html,,Republic of Angola,relevant,,Web
20190722035039098,2017-02-16T06:00:00Z,CORRUPTION BRINGS DOWN AN EMPIRE: ODEBRECHT IN BRAZIL,https://advance.lexis.com/api/document?collection=News&id=urn:contentItem:5MWS-XH61-JBW3-33T4-00000-00&context=1516831,Inter Press Service,"Argentine Republic,Bolivarian Republic of Venezuela,Dominican Republic,Federal Republic of Germany,Federative Republic of Brazil,Mexico,Republic of Angola,Republic of Colombia,Republic of Cuba,Republic of Ecuador,Republic of Guatemala,Republic of Mozambique,Republic of Panama,Republic of Peru,Switzerland,United States",relevant,Mario Osava,BulkLexisNexis_v2
20190706000951159,2016-12-31T06:00:00Z,NEWS FEATURE,https://advance.lexis.com/api/document?collection=News&id=urn:contentItem:5MHH-TYC1-JCKJ-J34V-00000-00&context=1516831,dpa international (Englischer Dienst),"Burkina Faso,Democratic Republic of the Congo,Gambia,Republic of Angola\, Angola,Republic of Burundi\, Burundi,Republic of Rwanda\, Rwanda,Republic of Senegal\, Senegal,Republic of South Africa\, South Africa,Republic of Uganda\, Uganda,Republic of Zimbabwe\, Zimbabwe,Republic of the Congo",relevant,,BulkLexisNexis
20170110125960852,2017-01-10T09:07:13.228Z,The African elections you need to keep an eye on in 2017 | News | Africa | M&G,http://mg.co.za:80/article/2017-01-10-the-african-elections-you-need-to-keep-an-eye-on-in-2017/,,"Democratic Republic of the Congo,Gabonese Republic,Gambia,Portuguese Republic,Republic of Angola,Republic of Ghana,Republic of Liberia,Republic of Rwanda,Republic of Uganda,Republic of Zambia,Republic of the Congo,Somalia",relevant,,Web
20170322025204227,2017-03-21T15:16:25Z,Morocco arrests suspected Hezbollah financier -source | GulfNews.com,http://gulfnews.com:80/morocco-arrests-suspected-hezbollah-financier-source-1.1998019?localLinksEnabled=false&utm_source=Feeds&utm_medium=RSS&utm_term=News+RSS+feed&utm_content=1.1998019&utm_campaign=Morocco+arrests+suspected+Hezbollah+financier+-source,,"British Virgin Islands,Democratic Republic of the Congo,Gambia,Kingdom of Morocco,Lebanon,Republic of Angola,Republic of Guinea,Republic of Sierra Leone,Republic of the Congo,Syrian Arab Republic,United States",relevant,,Web
20170128125968119,2017-01-28T18:42:39.262Z,From child soldier to one-armed stitch-master | News24,http://www.news24.com:80/SouthAfrica/News/from-child-soldier-to-one-armed-stitch-master-20170128,,"Republic of Angola,Republic of Mozambique,Republic of South Africa",relevant,,Web
20170227125976808,2017-02-27T21:19:18Z,"Archaeologists again studying Tabby Ruin at DeSoto Memorial - News - Sarasota Herald-Tribune - Sarasota, FL",http://www.heraldtribune.com:80/news/20170227/archaeologists-again-studying-tabby-ruin-at-desoto-memorial?rssfeed=true,,Republic of Angola,irrelevant,,Web
20170119125969067,2017-01-19T13:00:00Z,West Africa: The Brink of Ecowas Last Resort to Stop Jammeh - allAfrica.com,http://allafrica.com:80/stories/201701190634.html,,"Federal Republic of Nigeria,Gambia,Portuguese Republic,Republic of Angola,Republic of Cote d'Ivoire,Republic of Liberia,Republic of Mozambique,Republic of Uganda",relevant,,Web
20170309125959575,2017-03-09T08:00:00Z,Africa: What You Don't Want to Know About African Elections - allAfrica.com,http://allafrica.com:80/stories/201703090083.html,,"Federal Democratic Republic of Ethiopia,Republic of Angola,Republic of Burundi,Republic of India,Republic of Kenya,Republic of Liberia,Republic of Mozambique,Republic of Namibia,Republic of Rwanda,Republic of Sierra Leone,Republic of South Africa,Republic of Uganda,Republic of Zimbabwe,Somalia,United Republic of Tanzania",relevant,,Web
20170308125974997,2017-03-08T17:51:31.820Z,ONYANGO-OBBO: What you don’t want to know about African elections - Daily Nation,http://www.nation.co.ke:80/oped/Opinion/what-you-do-not-want-to-know-about-african-elections/440808-3842320-729kbhz/index.html,,"Federal Democratic Republic of Ethiopia,Republic of Angola,Republic of Burundi,Republic of India,Republic of Kenya,Republic of Liberia,Republic of Mozambique,Republic of Namibia,Republic of Rwanda,Republic of Sierra Leone,Republic of South Africa,Republic of Uganda,Republic of Zimbabwe,Somalia,United Republic of Tanzania",relevant,,Web
20170118125962646,2017-01-18T09:00:00Z,East Africa: South Sudan's Puppet Master - allAfrica.com,http://allafrica.com:80/stories/201701180153.html,,"Arab Republic of Egypt,Bolivarian Republic of Venezuela,Japan,Malaysia,People's Republic of China,Republic of Angola,Republic of Senegal,Republic of Uganda,Republic of the Sudan,Russian Federation,South Sudan,United States",relevant,,Web
20170111125963466,2017-01-11T10:31:50.910Z,Ugandan leader seen preparing successor as son named adviser | GulfNews.com,http://gulfnews.com:80/ugandan-leader-seen-preparing-successor-as-son-named-adviser-1.1960115?localLinksEnabled=false&utm_source=Feeds&utm_medium=RSS&utm_term=News+RSS+feed&utm_content=1.1960115&utm_campaign=Ugandan+leader+seen+preparing+successor+as+son+named+adviser,,"Republic of Angola,Republic of Equatorial Guinea,Republic of Uganda,Republic of Zimbabwe,Somalia",relevant,,Web
20170102044750348,2017-01-02T22:47:48.586Z,Mark Too had an ear even for rival MPs - Daily Nation,http://www.nation.co.ke:80/news/Mark-Too--had-an-ear-even-for-rival-MPs/1056-3505010-hf9hvf/index.html,,"Republic of Angola,Republic of Kenya,Republic of Mozambique,Republic of Uganda,South Sudan",relevant,,Web
20170205125978056,2017-02-06T05:25:49.187Z,World briefs: Hundreds arrested in IS raid  | Pittsburgh Post-Gazette,http://www.post-gazette.com:80/news/world/2017/02/06/World-briefs-Hundreds-arrested-in-IS-raid/stories/201702060089,,"Democratic People's Republic of Korea,Federal Republic of Nigeria,Islamic Republic of Afghanistan,Islamic Republic of Pakistan,Kingdom of Norway,Oriental Republic of Uruguay,Republic of Belarus,Republic of Korea,Russian Federation,United States",relevant,,Web
20161231125956242,2016-12-31T07:55:05.124Z,How Uganda outsmarts the United States in South Sudan - Sudan Tribune: Plural news and views on Sudan,http://www.sudantribune.com:80/spip.php?article61264,,"Arab Republic of Egypt,Bolivarian Republic of Venezuela,Japan,Malaysia,People's Republic of China,Republic of Angola,Republic of Senegal,Republic of Uganda,Republic of the Sudan,Russian Federation,South Sudan,United States",relevant,,Web
20170115122536181,2017-01-15T06:25:34.827Z,Pomfret: The sins of the fathers | News24,http://www.news24.com:80/SouthAfrica/News/pomfret-the-sins-of-the-fathers-20170115,,"Democratic Republic of the Congo,Republic of Angola,Republic of Equatorial Guinea,Republic of Namibia,Republic of South Africa,Republic of Zambia",relevant,,Web
20170110125974738,2017-01-10T17:27:51.928Z,Bringing Changes to UN Security Council,http://kayhan.ir:80/en/news/35444/bringing-changes-to-un-security-council,,"Arab Republic of Egypt,Bolivarian Republic of Venezuela,Federal Democratic Republic of Ethiopia,Islamic Republic of Iran,Italian Republic,Japan,Kingdom of Bahrain,Kingdom of Saudi Arabia,Kingdom of Spain,Kingdom of Sweden,Malaysia,New Zealand,Oriental Republic of Uruguay,People's Republic of China,Plurinational State of Bolivia,Republic of Angola,Republic of France,Republic of Iraq,Republic of Kazakhstan,Republic of Senegal,Republic of Yemen,Russian Federation,State of Kuwait,State of Qatar,Syrian Arab Republic,Ukraine,United Arab Emirates,United Kingdom of Great Britain and Northern Ireland,United States",relevant,,Web
20170330091450488,2017-03-30T16:10:32Z,"Libya – Discussions between Jean-Marc Ayrault and his counterparts in Qatar, Algeria, Egypt and the United Arab Emirates (27 and 28.03.17) - France-Diplomatie - Ministère des Affaires étrangères et du Développement international",http://www.diplomatie.gouv.fr:80/en/country-files/libya/events/2017/article/libya-discussions-between-jean-marc-ayrault-and-his-counterparts-in-qatar?xtor=RSS-1,,"Antigua and Barbuda,Arab Republic of Egypt,Argentine Republic,Bangladesh,Barbados,Belize,Bolivarian Republic of Venezuela,Bosnia and Herzegovina,Brunei Darussalam,Central African Republic,Co-operative Republic of Guyana,Commonwealth of Australia,Commonwealth of The Bahamas,Cook Islands,Czechia,Democratic People's Republic of Korea,Democratic Republic of Timor-Leste,Democratic Republic of the Congo,Democratic Socialist Republic of Sri Lanka,Dominica,Dominican Republic,Eswatini,Federal Democratic Republic of Ethiopia,Federal Democratic Republic of Nepal,Federal Republic of Germany,Federal Republic of Nigeria,Federated States of Micronesia,Federative Republic of Brazil,Gabonese Republic,Gambia,Georgia,Grand Duchy of Luxembourg,Hashemite Kingdom of Jordan,Hellenic Republic,Hungary,Independent State of Papua New Guinea,Ireland,Islamic Republic of Afghanistan,Islamic Republic of Iran,Islamic Republic of Mauritania,Islamic Republic of Pakistan,Italian Republic,Jamaica,Japan,Kingdom of Bahrain,Kingdom of Belgium,Kingdom of Bhutan,Kingdom of Cambodia,Kingdom of Denmark,Kingdom of Lesotho,Kingdom of Morocco,Kingdom of Norway,Kingdom of Saudi Arabia,Kingdom of Spain,Kingdom of Sweden,Kingdom of Thailand,Kingdom of Tonga,Kingdom of the Netherlands,Kyrgyz Republic,Lao People's Democratic Republic,Lebanon,Libya,Malaysia,Mexico,Montenegro,New Zealand,Niue,North Macedonia,Oriental Republic of Uruguay,People's Democratic Republic of Algeria,People's Republic of China,Plurinational State of Bolivia,Portuguese Republic,Principality of Andorra,Principality of Liechtenstein,Principality of Monaco,Republic of Albania,Republic of Angola,Republic of Armenia,Republic of Austria,Republic of Azerbaijan,Republic of Belarus,Republic of Benin,Republic of Botswana,Republic of Bulgaria,Republic of Burundi,Republic of Cameroon,Republic of Chad,Republic of Chile,Republic of Colombia,Republic of Costa Rica,Republic of Croatia,Republic of Cuba,Republic of Cyprus,Republic of Djibouti,Republic of El Salvador,Republic of Equatorial Guinea,Republic of Estonia,Republic of Fiji,Republic of Finland,Republic of France,Republic of Ghana,Republic of Haiti,Republic of Honduras,Republic of Iceland,Republic of India,Republic of Indonesia,Republic of Iraq,Republic of Kazakhstan,Republic of Kenya,Republic of Kiribati,Republic of Korea,Republic of Kosovo,Republic of Latvia,Republic of Liberia,Republic of Lithuania,Republic of Madagascar,Republic of Malawi,Republic of Maldives,Republic of Mali,Republic of Malta,Republic of Mauritius,Republic of Moldova,Republic of Mozambique,Republic of Namibia,Republic of Nicaragua,Republic of Niger,Republic of Palau,Republic of Panama,Republic of Paraguay,Republic of Peru,Republic of Poland,Republic of Rwanda,Republic of Senegal,Republic of Sierra Leone,Republic of Singapore,Republic of Slovenia,Republic of South Africa,Republic of Suriname,Republic of Tajikistan,Republic of Trinidad and Tobago,Republic of Tunisia,Republic of Uganda,Republic of Uzbekistan,Republic of Vanuatu,Republic of Yemen,Republic of Zambia,Republic of Zimbabwe,Republic of the Philippines,Republic of the Sudan,Romania,Russian Federation,Saint Vincent and the Grenadines,Serbia,Slovak Republic,Socialist Republic of Vietnam,Solomon Islands,Somalia,State of Eritrea,State of Israel,State of Kuwait,State of Qatar,State of the Vatican City,Sultanate of Oman,Switzerland,Syrian Arab Republic,Togolese Republic,Turkmenistan,Tuvalu,Ukraine,Union of Burma,United Arab Emirates,United Kingdom of Great Britain and Northern Ireland,United Republic of Tanzania,United States",relevant,,Web
20170102035009946,2017-01-02T21:50:00.912Z,‘Choosing The Hero – My improbable journey and the rise of Africa’s first woman president’ by K. Riva Levinson | Liberian Perspectives,http://blog.liberiapastandpresent.org:80/?p=890,,"Arab Republic of Egypt,Burkina Faso,Democratic Republic of the Congo,Federal Democratic Republic of Ethiopia,Federal Republic of Nigeria,Gambia,Georgia,Islamic Republic of Mauritania,Kingdom of the Netherlands,Libya,Portuguese Republic,Republic of Angola,Republic of Benin,Republic of Cabo Verde,Republic of Cameroon,Republic of Cote d'Ivoire,Republic of Djibouti,Republic of Equatorial Guinea,Republic of Ghana,Republic of Guinea,Republic of Guinea-Bissau,Republic of Iraq,Republic of Kenya,Republic of Liberia,Republic of Madagascar,Republic of Mali,Republic of Mozambique,Republic of Nicaragua,Republic of Niger,Republic of Rwanda,Republic of Senegal,Republic of Seychelles,Republic of Sierra Leone,Republic of South Africa,Republic of Tunisia,Republic of Uganda,Republic of Zambia,Republic of Zimbabwe,Republic of the Congo,Republic of the Sudan,Somalia,United States",relevant,,Web
20190224022701877,2017-02-02T18:00:00Z,"Did Congo's crisis just get a lot worse? ; Congo's longtime opposition leader, Étienne Tshisekedi, died this week. Here's what that means.",https://advance.lexis.com/api/document?collection=News&id=urn:contentItem:5MSW-G031-DXKP-J01B-00000-00&context=1516831,The Washington Post,"Democratic Republic of the Congo,Federal Democratic Republic of Ethiopia\, Ethiopia,Republic of Angola\, Angola,Republic of Uganda\, Uganda,Republic of the Congo,Republic of the Sudan\, Sudan,State of Eritrea\, Eritrea,State of Qatar\, Qatar,United Republic of Tanzania\, Tanzania,United States",relevant,,BulkLexisNexis
20190623005251691,2017-01-07T06:00:00Z,"Mario Soares, Portugal's former president and PM, dies at 92",https://advance.lexis.com/api/document?collection=News&id=urn:contentItem:5MK7-KPC1-JC65-54WJ-00000-00&context=1516831,The Associated Press (same day),"Federal Republic of Germany,Kingdom of Spain,Kingdom of Sweden,People's Democratic Republic of Algeria,Portuguese Republic,Republic of Angola,Republic of Cabo Verde,Republic of Cuba,Republic of France,Republic of Guinea,Republic of India,Republic of Mozambique,Union of Soviet Socialist Republics,United States",relevant,By BARRY HATTON,BulkLexisNexis_v2
20170107125963766,2017-01-07T17:15:07Z,"Mario Soares, Portugal's former president and PM, dies at 92 | The State",http://www.thestate.com:80/news/nation-world/world/article125146644.html,,"Federal Republic of Germany,Kingdom of Spain,Kingdom of Sweden,People's Democratic Republic of Algeria,Portuguese Republic,Republic of Angola,Republic of Cabo Verde,Republic of Cuba,Republic of France,Republic of Guinea,Republic of Mozambique,Union of Soviet Socialist Republics,United States",relevant,,Web
20220113190740771,2017-01-07T06:00:00Z,"Mario Soares, Portugal's former president and PM, dies at 92",,Associated Press International,"Federal Republic of Germany,Kingdom of Spain,Kingdom of Sweden,People's Democratic Republic of Algeria,Portuguese Republic,Republic of Angola,Republic of Cabo Verde,Republic of Cuba,Republic of France,Republic of Guinea,Republic of India,Republic of Mozambique,Union of Soviet Socialist Republics,United States",relevant,By BARRY HATTON,BulkLexisNexis_v2
20170329132956879,2017-03-29T18:19:13Z,"Spring brings fresh reads: lost ships, future wars, and a laser-wielding moose | Georgia Straight Vancouver's News & Entertainment Weekly",http://www.straight.com:80/arts/887276/spring-brings-fresh-reads-lost-ships-future-wars-and-laser-wielding-moose,,"Republic of Angola,Republic of Iraq",irrelevant,,Web
20170317125958734,2017-03-17T06:19:40.289Z,BBC News,http://www.bbc.co.uk:80/news/uk-northern-ireland-39292189,,"Ireland,Kingdom of Norway,Kingdom of Thailand,Republic of Angola,Republic of France,Republic of Korea,Somalia,Syrian Arab Republic",irrelevant,,Web
20170107125963679,2017-01-07T17:15:43.042Z,"Mario Soares, Portugal's former president and PM, dies at 92",http://www.timescolonist.com:80/mario-soares-portugal-s-former-president-and-pm-dies-at-92-1.6569714,,"Federal Republic of Germany,Kingdom of Spain,Kingdom of Sweden,People's Democratic Republic of Algeria,Portuguese Republic,Republic of Angola,Republic of Cabo Verde,Republic of Cuba,Republic of France,Republic of Guinea,Republic of Mozambique,Union of Soviet Socialist Republics,United States",relevant,,Web
20170107125965708,2017-01-07T18:48:52Z,"Mario Soares, Portugal’s former president and PM, dies at 92 - National | Globalnews.ca",http://globalnews.ca:80/news/3166764/mario-soares-portugals-former-president-and-pm-dies-at-92/,,"Federal Republic of Germany,Kingdom of Spain,Kingdom of Sweden,People's Democratic Republic of Algeria,Portuguese Republic,Republic of Angola,Republic of Cabo Verde,Republic of Cuba,Republic of France,Republic of Guinea,Republic of India,Republic of Mozambique,Union of Soviet Socialist Republics,United States",relevant,,Web
20170201125985256,2017-02-01T21:45:05.361Z,OBBO: What Amina’s failed African bid says about the ‘other’ EA - Daily Nation,http://www.nation.co.ke:80/oped/Opinion/Amina-failed-African-bid-/440808-3796306-s5oaiaz/index.html,,"Eswatini,Republic of Botswana,Republic of Burundi,Republic of Djibouti,Republic of Kenya,Republic of Malawi,Republic of Rwanda,Republic of Senegal,Republic of South Africa,Republic of Uganda,Republic of Zambia,Republic of Zimbabwe,Somalia,United Republic of Tanzania",relevant,,Web
20170314125972941,2017-03-14T15:34:33.309Z,Dutch election a test case for Europe's appetite for populist disruptors - World - CBC News,http://www.cbc.ca:80/news/world/dutch-election-a-test-case-for-europe-s-appetite-for-populist-disruptors-1.4023905?cmp=rss,,"Federal Republic of Germany,Kingdom of the Netherlands,Republic of Angola,Republic of Chad,Republic of France,Republic of the Sudan",relevant,,Web
20170107125963674,2017-01-07T17:15:01Z,"Mario Soares, Portugal's former president and PM, dies at 92 - Brandon Sun",http://www.brandonsun.com:80/world/breaking-news/mario-soares-portugals-former-president-and-pm-dies-at-92-409973525.html,,"Federal Republic of Germany,Kingdom of Spain,Kingdom of Sweden,People's Democratic Republic of Algeria,Portuguese Republic,Republic of Angola,Republic of Cabo Verde,Republic of Cuba,Republic of France,Republic of Guinea,Republic of Mozambique,Union of Soviet Socialist Republics,United States",relevant,,Web
20170118125963775,2017-01-18T10:05:19.812Z,YAHYA JAMMEH MUST GO! - Punch Newspapers,http://punchng.com:80/yahya-jammeh-must-go/,,"Central African Republic,Democratic Republic of the Congo,Eswatini,Federal Republic of Nigeria,Gambia,Kingdom of Lesotho,Libya,Republic of Angola,Republic of Botswana,Republic of Burundi,Republic of Cabo Verde,Republic of Chad,Republic of Cote d'Ivoire,Republic of Equatorial Guinea,Republic of France,Republic of Ghana,Republic of Guinea-Bissau,Republic of Kenya,Republic of Liberia,Republic of Madagascar,Republic of Mauritius,Republic of Niger,Republic of Rwanda,Republic of Sierra Leone,Republic of South Africa,Republic of Tunisia,Republic of Uganda,Republic of Zimbabwe,Republic of the Congo,Republic of the Sudan,Somalia,Togolese Republic,Union of the Comoros,United Kingdom of Great Britain and Northern Ireland",relevant,,Web
20190224030449497,2017-03-26T05:00:00Z,A revolution a century ago that still reverberates - right into the White House ; Three books take the measure of the Russian Revolution of 1917.,https://advance.lexis.com/api/document?collection=News&id=urn:contentItem:5N59-W9V1-DXKP-J1HB-00000-00&context=1516831,The Washington Post,"Federal Republic of Germany\, Germany,People's Republic of China\, China,Republic of Angola\, Angola,Republic of Cuba\, Cuba,Russian Federation\, Russia,Socialist Republic of Vietnam\, Vietnam,Union of Soviet Socialist Republics,United Kingdom of Great Britain and Northern Ireland\, United Kingdom,United States",relevant,,BulkLexisNexis
20170124122311452,2017-01-24T06:00:00Z,Southern Africa: What Southern Africa Can Learn From West Africa About Dealing With Despots - allAfrica.com,http://allafrica.com:80/stories/201701240053.html,,"Central African Republic,Democratic Republic of the Congo,Gambia,Kingdom of Lesotho,Republic of Angola,Republic of Liberia,Republic of Madagascar,Republic of Namibia,Republic of Sierra Leone,Republic of South Africa,Republic of Zimbabwe,Republic of the Congo",relevant,,Web
20170124125974788,2017-01-24T16:39:23.540Z,What southern Africa can learn from west Africa about dealing with despots | News24,http://www.news24.com:80/Africa/News/what-southern-africa-can-learn-from-west-africa-about-dealing-with-despots-20170124,,"Central African Republic,Democratic Republic of the Congo,Gambia,Kingdom of Lesotho,Republic of Angola,Republic of Liberia,Republic of Madagascar,Republic of Namibia,Republic of Sierra Leone,Republic of South Africa,Republic of Zimbabwe,Republic of the Congo",relevant,,Web
20170102034931046,2017-01-02T21:49:27.321Z,Some thoughts on Liberia’s 169th independence anniversary | Liberian Perspectives,http://blog.liberiapastandpresent.org:80/?p=883,,"Arab Republic of Egypt,Burkina Faso,Democratic Republic of the Congo,Federal Democratic Republic of Ethiopia,Federal Republic of Nigeria,Gambia,Georgia,Islamic Republic of Mauritania,Kingdom of the Netherlands,Libya,Portuguese Republic,Republic of Angola,Republic of Benin,Republic of Cabo Verde,Republic of Cameroon,Republic of Cote d'Ivoire,Republic of Djibouti,Republic of Equatorial Guinea,Republic of Ghana,Republic of Guinea,Republic of Guinea-Bissau,Republic of Iraq,Republic of Kenya,Republic of Liberia,Republic of Madagascar,Republic of Mali,Republic of Mozambique,Republic of Nicaragua,Republic of Niger,Republic of Rwanda,Republic of Senegal,Republic of Seychelles,Republic of Sierra Leone,Republic of South Africa,Republic of Tunisia,Republic of Uganda,Republic of Zambia,Republic of Zimbabwe,Republic of the Congo,Somalia,United States",relevant,,Web
20190224030232379,2017-03-26T05:00:00Z,Russian revolution still reverberates - right into the White House,https://advance.lexis.com/api/document?collection=News&id=urn:contentItem:5N5V-T0R1-JCDY-T20S-00000-00&context=1516831,The Washington Post,"Federal Republic of Germany\, Germany,People's Republic of China\, China,Republic of Angola\, Angola,Republic of Cuba\, Cuba,Russian Federation\, Russia,Socialist Republic of Vietnam\, Vietnam,Union of Soviet Socialist Republics,United Kingdom of Great Britain and Northern Ireland\, United Kingdom,United States",relevant,,BulkLexisNexis
20170102034641005,2017-01-02T21:46:36.837Z,Liberia’s national symbols – What happened to the national debate? | Liberian Perspectives,http://blog.liberiapastandpresent.org:80/?p=814,,"Arab Republic of Egypt,Burkina Faso,Democratic Republic of the Congo,Federal Democratic Republic of Ethiopia,Federal Republic of Nigeria,Gambia,Georgia,Islamic Republic of Mauritania,Kingdom of the Netherlands,Libya,Portuguese Republic,Republic of Angola,Republic of Benin,Republic of Cabo Verde,Republic of Cameroon,Republic of Cote d'Ivoire,Republic of Djibouti,Republic of Equatorial Guinea,Republic of Ghana,Republic of Guinea,Republic of Guinea-Bissau,Republic of Iraq,Republic of Kenya,Republic of Liberia,Republic of Madagascar,Republic of Mali,Republic of Mozambique,Republic of Nicaragua,Republic of Niger,Republic of Rwanda,Republic of Senegal,Republic of Seychelles,Republic of Sierra Leone,Republic of South Africa,Republic of Tunisia,Republic of Uganda,Republic of Zambia,Republic of Zimbabwe,Republic of the Congo,Somalia,United States",relevant,,Web
20170316125978397,2017-03-16T20:43:33.955Z,Europe's mainstream sighs in relief over Dutch election: Margaret Evans - World - CBC News,http://www.cbc.ca:80/news/world/dutch-election-rutte-wilders-1.4028047?cmp=rss,,"Kingdom of the Netherlands,Republic of Angola,Republic of Chad,Republic of the Sudan,United Kingdom of Great Britain and Northern Ireland,United States",relevant,,Web
20170107125965430,2017-01-07T18:40:38.864Z,AP News: The Orange County Register,http://hosted2.ap.org:80/CAANR/0260ea4c3e85456b80715585ba3c7b5b/Article_2017-01-07-EU--Portugal-Obit-Soares/id-07f45a298b2b4b15b537f1ed1b0b80e1,,"Federal Republic of Germany,Kingdom of Spain,Kingdom of Sweden,People's Democratic Republic of Algeria,Portuguese Republic,Republic of Angola,Republic of Cabo Verde,Republic of Cuba,Republic of France,Republic of Guinea,Republic of India,Republic of Mozambique,Union of Soviet Socialist Republics,United States",relevant,,Web
20170116125974432,2017-01-16T19:00:00Z,Africa: Electoral Landscapes - allAfrica.com,http://allafrica.com:80/stories/201701161178.html,,"Democratic Republic of the Congo,Eswatini,Gabonese Republic,Gambia,Islamic Republic of Mauritania,Portuguese Republic,Republic of Angola,Republic of Benin,Republic of Burundi,Republic of Chad,Republic of Equatorial Guinea,Republic of Ghana,Republic of Kenya,Republic of Liberia,Republic of Rwanda,Republic of South Africa,Republic of Uganda,Republic of Zambia,Republic of Zimbabwe,Republic of the Congo,Somalia,United States",relevant,,Web
20170102042032315,2017-01-02T22:20:31.252Z,BBC News,http://www.bbc.co.uk:80/news/world-africa-38393661,,"Democratic Republic of the Congo,Federal Republic of Nigeria,Gambia,Libya,People's Republic of China,Republic of Angola,Republic of Burundi,Republic of Chad,Republic of Ghana,Republic of India,Republic of Kenya,Republic of Rwanda,Republic of Senegal,Republic of South Africa,Republic of Uganda,Republic of Zimbabwe,Republic of the Congo,Republic of the Sudan,Somalia",relevant,,Web
20170111125973118,2017-01-11T16:18:15.867Z,Famed U.K. codebreaking centre to be new College of Cyber Security - World - CBC News,http://www.cbc.ca:80/news/world/bletchley-college-of-cyber-security-1.3929379?cmp=rss,,"Federal Republic of Germany,Japan,Republic of Angola,Republic of Chad,Republic of the Sudan,United Kingdom of Great Britain and Northern Ireland",relevant,,Web
20170107125963687,2017-01-07T17:09:29Z,"Mario Soares, Portugal's former president and PM, dies at 92",http://www.mydaytondailynews.com:80/news/world/mario-soares-portugal-former-president-and-dies/OBVWfMHWRKDlgqR0PzVeXI/,,"Federal Republic of Germany,Georgia,Kingdom of Spain,Kingdom of Sweden,People's Democratic Republic of Algeria,Portuguese Republic,Republic of Angola,Republic of Cabo Verde,Republic of Cuba,Republic of France,Republic of Guinea,Republic of Mozambique,Union of Soviet Socialist Republics,United States",relevant,,Web
20170123125960157,2017-01-23T11:40:02.359Z,Botswana’s road to development | Special Reports | M&G,http://mg.co.za:80/article/2017-01-20-00-botswanas-road-to-development/,,"Republic of Angola,Republic of Botswana,Republic of Kenya,Republic of Mozambique,Republic of South Africa,Republic of Zambia,Republic of Zimbabwe,United Kingdom of Great Britain and Northern Ireland,United Republic of Tanzania",relevant,,Web
20170102035656184,2017-01-02T21:56:53.986Z,"What can we expect to see in the sky in 2017? | Baltic News Network - News from Latvia, Lithuania, Estonia",http://bnn-news.com:80/what-can-we-expect-to-see-in-the-sky-in-2017-157329,,"Argentine Republic,Democratic Republic of the Congo,Republic of Angola,Republic of Chile,Republic of Finland,Republic of France,Republic of Ghana,Republic of Latvia,Republic of Lithuania,Republic of Zambia,Russian Federation,United States",irrelevant,,Web
20170107125969950,2017-01-07T22:41:46.290Z,Portugal mourns ‘father of democracy’ Mário Soares – POLITICO,http://www.politico.eu:80/article/portugal-mourns-father-of-democracy-mario-soares/?utm_source=RSS_Feed&utm_medium=RSS&utm_campaign=RSS_Syndication,,"Bundesrepublik Deutschland (bis 1990),Czechoslovakia,Federal Republic of Germany,Hellenic Republic,Italian Republic,Portuguese Republic,Republic of Angola,Republic of France,United States",relevant,,Web
20170323072926580,2017-03-22T13:41:33Z,African governments urged to spend more on clean water,http://www.springfieldnewssun.com:80/news/african-governments-urged-spend-more-clean-water/T5lRyiKj7316Iw2PpLyYjL/,,"Independent State of Papua New Guinea,Republic of Angola,Republic of Equatorial Guinea,Republic of South Africa,Republic of Uganda,United States",relevant,,Web
20170317125975021,2017-03-17T17:12:51.298Z,In 'Voice of America' the world trusts | TheHill,http://thehill.com:80/blogs/pundits-blog/media/324482-in-voice-of-america-the-world-trusts,,"Republic of France,Republic of Liberia,Russian Federation,Socialist Republic of Vietnam,Union of Soviet Socialist Republics,United States",relevant,,Web
20170115125966290,2017-01-15T16:00:00Z,West Africa: How the Gambia Is Testing West Africa's Resolve to Protect Democracy - allAfrica.com,http://allafrica.com:80/stories/201701150280.html,,"Burkina Faso,Federal Republic of Nigeria,Gambia,Republic of Angola,Republic of Burundi,Republic of Cote d'Ivoire,Republic of France,Republic of Ghana,Republic of Kenya,Republic of Liberia,Republic of Senegal,Republic of Uganda,Republic of Zimbabwe,Togolese Republic",relevant,,Web
20170116125958354,2017-01-16T08:49:03.795Z,How Gambia is testing West Africa's resolve to protect democracy | News24,http://www.news24.com:80/Africa/News/how-gambia-is-testing-west-africas-resolve-to-protect-democracy-20170116,,"Burkina Faso,Federal Republic of Nigeria,Gambia,Republic of Angola,Republic of Burundi,Republic of Cote d'Ivoire,Republic of France,Republic of Ghana,Republic of Kenya,Republic of Liberia,Republic of Senegal,Republic of Sierra Leone,Republic of Uganda,Republic of Zimbabwe,Togolese Republic",relevant,,Web
20170124125961226,2017-01-24T08:28:01.784Z,Why SADC has not done to Mugabe what Ecowas did to Jameh | The Insider,http://www.insiderzim.com:80/why-sadc-has-not-done-to-mugabe-what-ecowas-did-to-jameh/,,"Central African Republic,Democratic Republic of the Congo,Gambia,Kingdom of Lesotho,Republic of Angola,Republic of Liberia,Republic of Madagascar,Republic of Namibia,Republic of Sierra Leone,Republic of South Africa,Republic of Zimbabwe,Republic of the Congo",relevant,,Web
20170102034727728,2017-01-02T21:47:15.823Z,‘Liberia: From the Love of Liberty to Paradise Lost’ – Now available in Monrovia! | Liberian Perspectives,http://blog.liberiapastandpresent.org:80/?p=876,,"Arab Republic of Egypt,Burkina Faso,Democratic Republic of the Congo,Federal Democratic Republic of Ethiopia,Federal Republic of Nigeria,Gambia,Georgia,Islamic Republic of Mauritania,Kingdom of the Netherlands,Libya,Portuguese Republic,Republic of Angola,Republic of Benin,Republic of Cabo Verde,Republic of Cameroon,Republic of Cote d'Ivoire,Republic of Djibouti,Republic of Equatorial Guinea,Republic of Ghana,Republic of Guinea,Republic of Guinea-Bissau,Republic of Iraq,Republic of Kenya,Republic of Liberia,Republic of Madagascar,Republic of Mali,Republic of Mozambique,Republic of Nicaragua,Republic of Niger,Republic of Rwanda,Republic of Senegal,Republic of Seychelles,Republic of Sierra Leone,Republic of South Africa,Republic of Tunisia,Republic of Uganda,Republic of Zambia,Republic of Zimbabwe,Republic of the Congo,Somalia,United States",relevant,,Web
20170315125989192,2017-03-16T02:17:16.413Z,BBC News,http://www.bbc.co.uk:80/news/world-39211144,,"Central African Republic,Democratic Republic of the Congo,Federal Democratic Republic of Ethiopia,Federal Republic of Nigeria,Hong Kong Special Administrative Region,Japan,Kingdom of Thailand,People's Republic of China,Portuguese Republic,Republic of Angola,Republic of Ghana,Republic of Korea,Republic of Mozambique,Republic of Singapore,Republic of the Congo,Socialist Republic of Vietnam,Taiwan,United Republic of Tanzania",irrelevant,,Web
20170301125994361,2017-03-02T05:00:00Z,Plan It calendar: 3-2 - The Blade,http://www.toledoblade.com:80/Music-Theater-Dance/2017/03/02/Plan-It-calendar-3-2-2017.html,,"Kingdom of the Netherlands,Republic of Angola,Republic of Poland,United States",irrelevant,,Web
20170114125972925,2017-01-15T00:12:44.206Z,The gods of War - The Nation Nigeria,http://thenationonlineng.net:80/the-gods-of-war/,,"Federal Republic of Nigeria,Gambia,Libya,Republic of Angola,Republic of Cote d'Ivoire,Republic of Equatorial Guinea,Republic of Uganda,Republic of Zimbabwe,Somalia,Togolese Republic",relevant,,Web
20170102034527346,2017-01-02T21:45:22.261Z,Impunity in Africa | Liberian Perspectives,http://blog.liberiapastandpresent.org:80/?p=900,,"Arab Republic of Egypt,Burkina Faso,Democratic Republic of the Congo,Federal Democratic Republic of Ethiopia,Federal Republic of Nigeria,Gambia,Georgia,Islamic Republic of Mauritania,Kingdom of the Netherlands,Libya,Portuguese Republic,Republic of Angola,Republic of Benin,Republic of Cabo Verde,Republic of Cameroon,Republic of Chad,Republic of Cote d'Ivoire,Republic of Djibouti,Republic of Equatorial Guinea,Republic of Ghana,Republic of Guinea,Republic of Guinea-Bissau,Republic of Iraq,Republic of Kenya,Republic of Liberia,Republic of Madagascar,Republic of Mali,Republic of Mozambique,Republic of Nicaragua,Republic of Niger,Republic of Rwanda,Republic of Senegal,Republic of Seychelles,Republic of Sierra Leone,Republic of South Africa,Republic of Tunisia,Republic of Uganda,Republic of Zambia,Republic of Zimbabwe,Republic of the Congo,Somalia,United Kingdom of Great Britain and Northern Ireland,United States",relevant,,Web
20170121125959914,2017-01-21T10:46:24.343Z,Mud-slinging and Mexican flags define decade-long battle over Trump's Scottish golf course - World - CBC News,http://www.cbc.ca:80/news/world/trump-inauguration-scotland-golf-course-1.3946016?cmp=rss,,"Kingdom of Saudi Arabia,Republic of Angola,Republic of Chad,Republic of the Sudan,United States",irrelevant,,Web
20170208125985015,2017-02-08T22:04:25.091Z,Reopening of Kouwenhoven trial in the Netherlands | Liberian Perspectives,http://blog.liberiapastandpresent.org:80/?p=922,,"Arab Republic of Egypt,Burkina Faso,Democratic Republic of the Congo,Federal Democratic Republic of Ethiopia,Federal Republic of Nigeria,Gambia,Georgia,Hong Kong Special Administrative Region,Islamic Republic of Mauritania,Kingdom of the Netherlands,Lebanon,Libya,Malaysia,Portuguese Republic,Republic of Angola,Republic of Benin,Republic of Cabo Verde,Republic of Cameroon,Republic of Cote d'Ivoire,Republic of Djibouti,Republic of Equatorial Guinea,Republic of Ghana,Republic of Guinea,Republic of Guinea-Bissau,Republic of Iraq,Republic of Kenya,Republic of Liberia,Republic of Madagascar,Republic of Mali,Republic of Mozambique,Republic of Nicaragua,Republic of Niger,Republic of Rwanda,Republic of Senegal,Republic of Seychelles,Republic of Sierra Leone,Republic of South Africa,Republic of Tunisia,Republic of Uganda,Republic of Zambia,Republic of Zimbabwe,Republic of the Congo,Somalia,United Kingdom of Great Britain and Northern Ireland,United States",relevant,,Web
20170118125974665,2017-01-18T16:15:12.724Z,IPOB to march for Trump - Punch Newspapers,http://punchng.com:80/ipob-march-trump/,,"Democratic Republic of the Congo,Federal Republic of Nigeria,Republic of Angola,Republic of Ghana,Republic of the Congo,Republic of the Sudan,United Kingdom of Great Britain and Northern Ireland,United States",relevant,,Web
20170102034754451,2017-01-02T21:47:51.982Z,Liberia’s national symbols (cont’d) | Liberian Perspectives,http://blog.liberiapastandpresent.org:80/?p=821,,"Arab Republic of Egypt,Burkina Faso,Democratic Republic of the Congo,Federal Democratic Republic of Ethiopia,Federal Republic of Nigeria,Gambia,Georgia,Islamic Republic of Mauritania,Kingdom of the Netherlands,Libya,Portuguese Republic,Republic of Angola,Republic of Benin,Republic of Cabo Verde,Republic of Cameroon,Republic of Cote d'Ivoire,Republic of Djibouti,Republic of Equatorial Guinea,Republic of Ghana,Republic of Guinea,Republic of Guinea-Bissau,Republic of Iraq,Republic of Kenya,Republic of Liberia,Republic of Madagascar,Republic of Mali,Republic of Mozambique,Republic of Nicaragua,Republic of Niger,Republic of Rwanda,Republic of Senegal,Republic of Seychelles,Republic of Sierra Leone,Republic of South Africa,Republic of Tunisia,Republic of Uganda,Republic of Zambia,Republic of Zimbabwe,Republic of the Congo,Somalia,United States",relevant,,Web
20170120125989556,2017-01-21T01:52:38.174Z,Nigeria is not too big to fall | The Sun News,http://sunnewsonline.com:80/nigeria-is-not-too-big-to-fall/,,"Federal Republic of Nigeria,Gabonese Republic,Gambia,People's Republic of China,Republic of Angola,Republic of Ghana,Republic of India,Republic of Indonesia,Republic of Kenya,United Kingdom of Great Britain and Northern Ireland,United States",relevant,,Web
20170304125975684,2017-03-05T05:26:05.899Z,Obasanjo: Celebrating A True Legend At 80 |,http://leadership.ng:80/news/575465/obasanjo-celebrating-a-true-legend-at-80,,"Federal Republic of Nigeria,Republic of Angola,Republic of South Africa,Republic of Zimbabwe",relevant,,Web
20170109125976201,2017-01-09T18:00:00Z,Liberia: The Curse of Bad Governances and Rampant Corruption in Africa - allAfrica.com,http://allafrica.com:80/stories/201701091128.html,,"Arab Republic of Egypt,Burkina Faso,Democratic Republic of the Congo,Eswatini,Federal Republic of Nigeria,Gabonese Republic,Libya,People's Democratic Republic of Algeria,Republic of Angola,Republic of Botswana,Republic of Cote d'Ivoire,Republic of Djibouti,Republic of Equatorial Guinea,Republic of Ghana,Republic of Kenya,Republic of Liberia,Republic of Mali,Republic of Mauritius,Republic of Mozambique,Republic of Rwanda,Republic of Senegal,Republic of Sierra Leone,Republic of South Africa,Republic of Tunisia,Republic of Uganda,Republic of Zimbabwe,Republic of the Sudan,Somalia,South Sudan,State of Eritrea,Syrian Arab Republic,United Kingdom of Great Britain and Northern Ireland,United States",relevant,,Web
20170125125993901,2017-01-26T05:00:00Z,Plan It calendar: 1-26 - The Blade,http://www.toledoblade.com:80/Music-Theater-Dance/2017/01/26/Plan-It-calendar-1-26-2017.html,,"Kingdom of the Netherlands,Republic of Angola,United States",irrelevant,,Web
20170316125986158,2017-03-17T02:01:00.990Z,"CAF Election : Ahmad, Pinnick reign supreme | The Sun News",http://sunnewsonline.com:80/caf-election-ahmad-pinnick-reign-supreme/,,"Federal Democratic Republic of Ethiopia,Federal Republic of Nigeria,Kingdom of Morocco,Kingdom of Spain,People's Democratic Republic of Algeria,Republic of Angola,Republic of Burundi,Republic of Djibouti,Republic of Liberia,Republic of Madagascar,Republic of Mali,Republic of South Africa",irrelevant,,Web
20170122125979012,2017-01-23T03:25:14.350Z,$2.1bn Arms Deal Scandal: I Have No Case With EFCC – Ex-MILAD |,http://leadership.ng:80/news/568208/2-1bn-arms-deal-scandal-i-have-no-case-with-efcc-ex-milad,,"Bolivarian Republic of Venezuela,Federal Republic of Nigeria,Kingdom of Saudi Arabia,Republic of Angola,Republic of Benin,Republic of Cameroon,Republic of Chad,Republic of Colombia,Republic of Niger",relevant,,Web
20170123125956757,2017-01-23T09:00:00Z,Nigeria: $2.1 Billion Arms Deal Scandal - I Have No Case With EFCC - Ex-Milad - allAfrica.com,http://allafrica.com:80/stories/201701230163.html,,"Bolivarian Republic of Venezuela,Federal Republic of Nigeria,Kingdom of Saudi Arabia,Republic of Angola,Republic of Benin,Republic of Cameroon,Republic of Chad,Republic of Colombia,Republic of Niger",relevant,,Web
20181216035848400,2017-01-01T06:00:00Z,Safeguarding Seized Assets,https://advance.lexis.com/api/document?collection=News&id=urn:contentItem:5MHT-6411-DXY4-X41K-00000-00&context=1516831,The New York Times,"Arab Republic of Egypt,Federal Republic of Nigeria,Grand Duchy of Luxembourg,Hong Kong Special Administrative Region,Islamic Republic of Afghanistan,Kingdom of Spain,Kingdom of Sweden,Libya,Malaysia,Republic of Angola,Republic of Equatorial Guinea,Republic of Kazakhstan,Republic of Latvia,Republic of Panama,Republic of Tunisia,Republic of Uzbekistan,Switzerland,Syrian Arab Republic,Ukraine,United Kingdom of Great Britain and Northern Ireland,United States",relevant,By LESLIE WAYNE,BulkLexisNexis_v2
20170116125964317,2017-01-16T13:00:00Z,Liberia: Keynote Address By Kenneth Y. Best to the Religious Community in Liberia At the Honoring of Liberian Religious Advocates - allAfrica.com,http://allafrica.com:80/stories/201701160862.html,,"Kingdom of the Netherlands,Lebanon,Portuguese Republic,Republic of Angola,Republic of Liberia,Republic of Mozambique,Republic of Sierra Leone,Republic of South Africa,Republic of Zambia,Republic of Zimbabwe,Somalia,State of Israel,United States",relevant,,Web
20170208125995850,2017-02-09T05:00:00Z,Plan It calendar: 2-9 - The Blade,http://www.toledoblade.com:80/Music-Theater-Dance/2017/02/09/Plan-It-calendar-2-9-2017.html,,"Kingdom of the Netherlands,Republic of Angola,United States",irrelevant,,Web
20170111125994145,2017-01-12T05:00:00Z,Plan It calendar: 1-12 - The Blade,http://www.toledoblade.com:80/Music-Theater-Dance/2017/01/12/Plan-It-calendar-1-12-2017.html,,"Kingdom of the Netherlands,Republic of Angola,United States",irrelevant,,Web
20161230125978619,2016-12-31T00:09:50.199Z,Shielding Seized Assets From Corrupt Officials’ Clutches - The New York Times,http://www.nytimes.com:80/2016/12/30/business/justice-department-tries-to-shield-repatriations-from-kleptocrats.html?partner=rss&emc=rss,,"Arab Republic of Egypt,Federal Republic of Nigeria,Grand Duchy of Luxembourg,Hong Kong Special Administrative Region,Islamic Republic of Afghanistan,Kingdom of Spain,Kingdom of Sweden,Libya,Malaysia,Republic of Angola,Republic of Equatorial Guinea,Republic of France,Republic of Kazakhstan,Republic of Latvia,Republic of Panama,Republic of Tunisia,Republic of Uzbekistan,Switzerland,Syrian Arab Republic,Ukraine,United Kingdom of Great Britain and Northern Ireland,United States",relevant,,Web
20170111125960372,2017-01-11T08:00:00Z,Africa's Economic Prospects in 2017 - Ten Countries to Watch - allAfrica.com,http://allafrica.com:80/stories/201701110114.html,,"Democratic Republic of the Congo,Federal Democratic Republic of Ethiopia,Federal Republic of Nigeria,Kingdom of Morocco,People's Democratic Republic of Algeria,People's Republic of China,Republic of Angola,Republic of Kenya,Republic of Rwanda,Republic of Senegal,Republic of South Africa,Republic of the Congo,Somalia,United Republic of Tanzania,United States",relevant,,Web
20170102034611569,2017-01-02T21:46:00.811Z,‘Beyond Myself: The Farm Girl and the African Chief’ by Anita K. Dennis | Liberian Perspectives,http://blog.liberiapastandpresent.org:80/?p=834,,"Arab Republic of Egypt,Burkina Faso,Democratic Republic of the Congo,Federal Democratic Republic of Ethiopia,Federal Republic of Germany,Federal Republic of Nigeria,Gambia,Georgia,Islamic Republic of Mauritania,Kingdom of the Netherlands,Libya,Portuguese Republic,Republic of Angola,Republic of Benin,Republic of Cabo Verde,Republic of Cameroon,Republic of Cote d'Ivoire,Republic of Djibouti,Republic of Equatorial Guinea,Republic of Ghana,Republic of Guinea,Republic of Guinea-Bissau,Republic of Iraq,Republic of Kenya,Republic of Liberia,Republic of Madagascar,Republic of Mali,Republic of Mozambique,Republic of Nicaragua,Republic of Niger,Republic of Rwanda,Republic of Senegal,Republic of Seychelles,Republic of Sierra Leone,Republic of South Africa,Republic of Tunisia,Republic of Uganda,Republic of Zambia,Republic of Zimbabwe,Republic of the Congo,Somalia,United States",relevant,,Web
20170310125991007,2017-03-11T05:55:15.306Z,The Enigma Of A Man Called Obasanjo At 80 |,http://leadership.ng:80/news/576757/the-enigma-of-a-man-called-obasanjo-at-80,,"Bolivarian Republic of Venezuela,Democratic Republic of the Congo,Federal Republic of Germany,Federal Republic of Nigeria,Mexico,Republic of Angola,Republic of Panama,Republic of Peru,Republic of Zimbabwe,Republic of the Congo,United Kingdom of Great Britain and Northern Ireland,United States",relevant,,Web
20170102034823738,2017-01-02T21:48:20.526Z,Ebola in Liberia: More than a Health Crisis | Liberian Perspectives,http://blog.liberiapastandpresent.org:80/?p=745,,"Arab Republic of Egypt,Burkina Faso,Democratic Republic of the Congo,Federal Democratic Republic of Ethiopia,Federal Republic of Nigeria,Gambia,Georgia,Islamic Republic of Mauritania,Kingdom of the Netherlands,Libya,Portuguese Republic,Republic of Angola,Republic of Benin,Republic of Cabo Verde,Republic of Cameroon,Republic of Cote d'Ivoire,Republic of Djibouti,Republic of Equatorial Guinea,Republic of Ghana,Republic of Guinea,Republic of Guinea-Bissau,Republic of Iraq,Republic of Kenya,Republic of Liberia,Republic of Madagascar,Republic of Mali,Republic of Mozambique,Republic of Nicaragua,Republic of Niger,Republic of Rwanda,Republic of Senegal,Republic of Seychelles,Republic of Sierra Leone,Republic of South Africa,Republic of Tunisia,Republic of Uganda,Republic of Zambia,Republic of Zimbabwe,Republic of the Congo,Republic of the Sudan,Somalia,United States",relevant,,Web
20170225125959100,2017-02-25T09:21:31.807Z,Why these British men are risking their lives to clear Iraq's landmines,http://www.telegraph.co.uk:80/news/2017/02/25/british-men-risking-lives-clear-iraqs-landmines/,,"Islamic Republic of Afghanistan,Islamic Republic of Iran,Kingdom of Cambodia,Lebanon,Republic of Angola,Republic of Iraq,Somalia,Syrian Arab Republic,United Kingdom of Great Britain and Northern Ireland",relevant,,Web
20170321224404126,2017-03-14T21:46:55Z,"Gen. Paul Malong, SPLA Military Chief of Staff: Is he holding Pres. Salva Kiir to ransom? | SouthSudanNation.com",http://www.southsudannation.com:80/gen-paul-malong-spla-military-chief-of-staff-is-he-holding-pres-salva-kiir-to-ransom/,,"Democratic Republic of the Congo,Hong Kong Special Administrative Region,Islamic Republic of Afghanistan,Kingdom of Norway,Libya,Republic of Angola,Republic of Iraq,Republic of Kenya,Republic of Mozambique,Republic of Uganda,Republic of Yemen,Republic of the Congo,Republic of the Sudan,South Sudan,Syrian Arab Republic,Ukraine,United Kingdom of Great Britain and Northern Ireland,United States",relevant,,Web
20170313125963725,2017-03-13T11:00:00Z,Africa: Twelve Points for the New African Union Commission Chairperson - allAfrica.com,http://allafrica.com:80/stories/201703130341.html,,"Arab Republic of Egypt,Burkina Faso,Central African Republic,Democratic Republic of the Congo,Federal Democratic Republic of Ethiopia,Gambia,Islamic Republic of Mauritania,Kingdom of Morocco,Libya,People's Democratic Republic of Algeria,People's Republic of China,Republic of Angola,Republic of Burundi,Republic of Chad,Republic of Guinea,Republic of Kenya,Republic of Mali,Republic of Niger,Republic of Rwanda,Republic of Tunisia,Republic of Yemen,Republic of the Congo,Republic of the Sudan,Russian Federation,Somalia,South Sudan,United States",relevant,,Web
20170306125965215,2017-03-06T11:00:00Z,Nigeria: Obasanjo - Celebrating a True Legend At 80 - allAfrica.com,http://allafrica.com:80/stories/201703060108.html,,"Federal Republic of Nigeria,Republic of Angola,Republic of Benin,Republic of Ghana,Republic of South Africa,Republic of Zimbabwe,Togolese Republic,United States",relevant,,Web
20190128025339289,2016-12-31T06:00:00Z,Russian foreign ministry sums up results of the year,https://advance.lexis.com/api/document?collection=News&id=urn:contentItem:5MHK-8431-DYRV-31PK-00000-00&context=1516831,BBC Monitoring: International Reports,"Arab Republic of Egypt,Bolivarian Republic of Venezuela,Democratic Republic of the Congo,Islamic Republic of Afghanistan,Islamic Republic of Pakistan,Japan,Kingdom of Saudi Arabia,Lebanon,Libya,Malaysia,Mexico,People's Democratic Republic of Algeria,People's Republic of China,Republic of Angola,Republic of Belarus,Republic of Benin,Republic of Bulgaria,Republic of France,Republic of Iraq,Republic of Kazakhstan,Republic of Korea,Republic of Lithuania,Republic of Senegal,Republic of Yemen,Russian Federation,South Sudan,State of Israel,Syrian Arab Republic,Taiwan,Ukraine,United Kingdom of Great Britain and Northern Ireland,United States",relevant,,BulkLexisNexis_v2
20170115125966106,2017-01-15T16:36:12.455Z,"Dems fundraising off LEWIS, TRUMP dustup … LEWIS’s book sells out -- SCOOP: Peter Thiel considering CA governor bid -- Changes to W.H. press access -- B’DAY: Jeremy Diamond - POLITICO",http://www.politico.com:80/tipsheets/playbook/2017/01/dems-fundraising-off-lewis-trump-dustup-lewiss-book-sells-out-scoop-peter-thiel-considering-ca-governor-bid-changes-to-wh-press-access-bday-jeremy-diamond-218237,,"Federal Republic of Germany,People's Republic of China,Republic of Angola,Republic of Cuba,Republic of India,Russian Federation,Socialist Republic of Vietnam,Taiwan,United States",relevant,,Web
20170102035037384,2017-01-02T21:50:32.558Z,"Annual Message on the State of the Republic – Jan. 26, 2015 | Liberian Perspectives",http://blog.liberiapastandpresent.org:80/?p=807,,"Arab Republic of Egypt,Burkina Faso,Democratic Republic of the Congo,Federal Democratic Republic of Ethiopia,Federal Republic of Germany,Federal Republic of Nigeria,Gambia,Georgia,Islamic Republic of Mauritania,Kingdom of Norway,Kingdom of Sweden,Kingdom of the Netherlands,Libya,Malaysia,Portuguese Republic,Republic of Angola,Republic of Benin,Republic of Cabo Verde,Republic of Cameroon,Republic of Cote d'Ivoire,Republic of Cuba,Republic of Djibouti,Republic of Equatorial Guinea,Republic of Ghana,Republic of Guinea,Republic of Guinea-Bissau,Republic of Indonesia,Republic of Iraq,Republic of Kenya,Republic of Liberia,Republic of Madagascar,Republic of Mali,Republic of Mozambique,Republic of Nicaragua,Republic of Niger,Republic of Rwanda,Republic of Senegal,Republic of Seychelles,Republic of Sierra Leone,Republic of South Africa,Republic of Tunisia,Republic of Uganda,Republic of Zambia,Republic of Zimbabwe,Republic of the Congo,Somalia,Taiwan,United Kingdom of Great Britain and Northern Ireland,United States",relevant,,Web
20170106125974066,2017-01-06T17:00:01Z,Photos of the day,http://rssfeeds.detroitnews.com:80/~/113611519/0/detroit/news~Photos-of-the-day/,,"Arab Republic of Egypt,Bosnia and Herzegovina,Commonwealth of Australia,Democratic Republic of the Congo,Federal Republic of Germany,Federative Republic of Brazil,Georgia,Hellenic Republic,Hong Kong Special Administrative Region,Islamic Republic of Afghanistan,Italian Republic,Kingdom of Denmark,Kingdom of Saudi Arabia,Kingdom of the Netherlands,Lebanon,Malaysia,Mexico,People's Republic of China,Republic of Angola,Republic of Austria,Republic of Chile,Republic of Cote d'Ivoire,Republic of France,Republic of India,Republic of Indonesia,Republic of Iraq,Republic of Slovenia,Republic of Yemen,Republic of the Congo,Republic of the Philippines,Romania,Russian Federation,State of Eritrea,State of Israel,State of the Vatican City,Switzerland,Syrian Arab Republic,United Kingdom of Great Britain and Northern Ireland,United States",relevant,,Web

